City_ID,City,Country,Date,Lat,Lng,Max Temp,Humidity,Cloudiness,Wind Speed
0,Husavik,IS,2021-01-27 21:07:40,66.0449,-17.3389,19.4,86,75,8.25
1,Lompoc,US,2021-01-27 20:54:10,34.6391,-120.4579,51.8,93,90,13.8
2,Weiser,US,2021-01-27 21:08:32,44.251,-116.9693,46.4,53,75,24.16
3,Ushuaia,AR,2021-01-27 21:08:33,-54.8,-68.3,41.0,87,75,24.16
4,Hofn,IS,2021-01-27 21:08:05,64.2539,-15.2082,25.77,89,1,14.12
5,Port Alfred,ZA,2021-01-27 21:08:33,-33.5906,26.891,64.99,94,28,1.99
6,Qaanaaq,GL,2021-01-27 21:08:33,77.484,-69.3632,-15.74,65,0,8.37
7,Ust-Kuyga,RU,2021-01-27 21:08:33,70.0167,135.6,-39.48,79,96,1.63
8,Kaitangata,NZ,2021-01-27 21:03:49,-46.2817,169.8464,51.01,82,61,5.99
9,Luganville,VU,2021-01-27 21:08:34,-15.5333,167.1667,76.59,89,100,7.92
10,Rikitea,PF,2021-01-27 21:07:30,-23.1203,-134.9692,79.74,74,85,14.29
11,Butaritari,KI,2021-01-27 21:07:43,3.0707,172.7902,80.56,79,95,10.42
12,Bamiantong,CN,2021-01-27 21:08:35,44.9333,130.5333,-6.25,85,88,1.68
13,Arraial Do Cabo,BR,2021-01-27 21:08:35,-22.9661,-42.0278,84.2,73,0,21.85
14,Sosua,DO,2021-01-27 21:08:35,19.7667,-70.5167,82.4,69,20,16.11
15,Kapaa,US,2021-01-27 21:08:35,22.0752,-159.319,77.0,83,90,18.41
16,Carnarvon,AU,2021-01-27 21:07:50,-24.8667,113.6333,71.6,78,0,17.27
17,Hurricane,US,2021-01-27 21:08:35,37.1753,-113.2899,42.8,49,90,16.11
18,Hobart,AU,2021-01-27 21:04:36,-42.8794,147.3294,57.0,54,75,5.75
19,Porangatu,BR,2021-01-27 21:08:36,-13.4408,-49.1486,80.22,81,91,2.93
20,Jamestown,US,2021-01-27 21:05:26,42.097,-79.2353,25.0,79,90,7.45
21,Catamarca,AR,2021-01-27 21:05:08,-28.4696,-65.7852,89.01,43,100,1.99
22,Dikson,RU,2021-01-27 21:08:36,73.5069,80.5464,-19.84,86,100,9.86
23,Lavrentiya,RU,2021-01-27 21:08:36,65.5833,-171.0,-2.22,88,98,14.5
24,Springdale,US,2021-01-27 21:05:56,36.1867,-94.1288,30.2,93,90,13.8
25,Cape Town,ZA,2021-01-27 21:06:39,-33.9258,18.4232,66.0,72,0,17.27
26,Kurumkan,RU,2021-01-27 21:08:37,54.3,110.3,-23.31,76,50,2.57
27,Dunedin,NZ,2021-01-27 21:08:37,-45.8742,170.5036,55.99,58,16,20.0
28,Kodiak,US,2021-01-27 21:08:37,57.79,-152.4072,33.8,75,90,1.45
29,Madang,PG,2021-01-27 21:08:37,-5.2246,145.7966,76.46,91,98,6.02
30,Georgetown,MY,2021-01-27 20:57:56,5.4112,100.3354,78.01,94,40,2.3
31,Ilulissat,GL,2021-01-27 21:07:31,69.2167,-51.1,8.6,56,0,3.44
32,Cherskiy,RU,2021-01-27 21:07:40,68.75,161.3,-22.86,85,100,3.27
33,Nanortalik,GL,2021-01-27 21:07:05,60.1432,-45.2371,25.48,90,100,3.13
34,Hay River,CA,2021-01-27 21:08:38,60.8156,-115.7999,-11.2,70,100,8.05
35,Quarai,BR,2021-01-27 21:08:38,-30.3875,-56.4514,86.65,46,19,10.4
36,Sola,VU,2021-01-27 21:08:38,-13.8833,167.55,82.17,82,100,19.19
37,Puerto Ayora,EC,2021-01-27 21:07:09,-0.7393,-90.3518,86.0,62,20,20.71
38,Sitka,US,2021-01-27 21:08:39,57.0531,-135.33,28.4,40,1,9.22
39,Port Hedland,AU,2021-01-27 21:08:39,-20.3167,118.5667,80.6,78,0,9.22
40,Ivanjica,RS,2021-01-27 21:08:39,43.5803,20.2311,30.2,100,90,3.44
41,Torbay,CA,2021-01-27 21:08:39,47.6666,-52.7314,28.0,86,75,9.22
42,Slave Lake,CA,2021-01-27 21:08:39,55.2834,-114.769,3.2,78,90,2.3
43,Alice Springs,AU,2021-01-27 21:08:39,-23.7,133.8833,73.99,78,23,6.91
44,Hilo,US,2021-01-27 21:07:28,19.7297,-155.09,73.4,83,90,6.26
45,Broome,US,2021-01-27 21:03:47,42.2506,-75.833,27.0,80,90,10.36
46,Port Elizabeth,ZA,2021-01-27 21:07:03,-33.918,25.5701,66.2,77,90,9.22
47,Nanzhang,CN,2021-01-27 21:08:40,31.7765,111.8386,42.53,56,18,5.79
48,Vila Franca Do Campo,PT,2021-01-27 21:08:40,37.7167,-25.4333,64.0,94,40,20.71
49,Alofi,NU,2021-01-27 21:07:44,-19.0595,-169.9187,80.6,83,90,10.36
50,Yellowknife,CA,2021-01-27 21:07:41,62.456,-114.3525,-9.0,70,90,2.3
51,Beloha,MG,2021-01-27 21:07:10,-25.1667,45.05,76.84,80,5,12.1
52,White Rock,CA,2021-01-27 21:07:15,49.0164,-122.8026,37.99,99,100,1.01
53,Bambous Virieux,MU,2021-01-27 20:58:57,-20.3428,57.7575,78.01,83,40,4.61
54,Mar Del Plata,AR,2021-01-27 21:04:12,-38.0023,-57.5575,69.8,52,0,11.5
55,Japura,ID,2021-01-27 21:08:41,-0.3167,102.35,72.27,96,100,0.67
56,Biak,ID,2021-01-27 21:08:17,-0.9131,122.8766,77.13,73,98,4.74
57,Punta Arenas,CL,2021-01-27 20:58:57,-53.15,-70.9167,48.2,61,75,21.85
58,Barrow,US,2021-01-27 21:07:36,71.2906,-156.7887,-11.2,70,90,6.91
59,Busselton,AU,2021-01-27 21:07:33,-33.65,115.3333,48.99,84,0,1.99
60,Ordynskoye,RU,2021-01-27 21:08:41,54.3656,81.8994,22.17,97,99,8.93
61,Mount Isa,AU,2021-01-27 21:08:08,-20.7333,139.5,80.6,69,0,6.91
62,Palu,ID,2021-01-27 21:08:42,-0.8917,119.8707,75.04,82,99,2.33
63,Pisco,PE,2021-01-27 21:07:54,-13.7,-76.2167,77.0,61,0,10.36
64,Kirakira,SB,2021-01-27 21:08:42,-10.4544,161.9205,83.07,79,75,11.56
65,Khatanga,RU,2021-01-27 21:08:42,71.9667,102.5,-30.1,80,0,7.16
66,Kruisfontein,ZA,2021-01-27 21:08:42,-34.0033,24.7314,64.99,82,97,6.93
67,Kaduqli,SD,2021-01-27 21:08:43,11.0167,29.7167,78.03,18,61,9.37
68,Lebu,CL,2021-01-27 21:07:00,-37.6167,-73.65,61.23,70,100,11.77
69,Sao Filipe,CV,2021-01-27 21:03:50,14.8961,-24.4956,74.28,68,0,4.92
70,Porto Seguro,BR,2021-01-27 21:05:41,-16.4497,-39.0647,78.8,69,20,8.05
71,Leningradskiy,RU,2021-01-27 20:58:56,69.3833,178.4167,-17.14,87,100,3.76
72,Atuona,PF,2021-01-27 21:08:43,-9.8,-139.0333,78.35,78,1,15.57
73,Marawi,PH,2021-01-27 21:08:43,7.9986,124.2928,71.01,89,100,5.01
74,Santa Isabel Do Rio Negro,BR,2021-01-27 21:08:44,-0.4139,-65.0192,87.3,60,91,3.09
75,Goulburn,AU,2021-01-27 21:08:44,-34.75,149.7167,61.0,94,99,16.04
76,Karpogory,RU,2021-01-27 21:08:44,64.0019,44.4451,25.0,99,100,3.47
77,Kuala Terengganu,MY,2021-01-27 21:08:44,5.3302,103.1408,78.8,89,40,6.91
78,Nome,US,2021-01-27 21:08:44,64.5011,-165.4064,15.8,67,90,11.5
79,Zhigansk,RU,2021-01-27 21:08:44,66.7697,123.3711,-48.87,76,57,5.61
80,Bengkulu,ID,2021-01-27 21:08:44,-3.8004,102.2655,74.66,93,100,7.76
81,Saskylakh,RU,2021-01-27 21:08:45,71.9167,114.0833,-41.51,80,89,1.48
82,Saint-Philippe,RE,2021-01-27 21:07:52,-21.3585,55.7679,78.8,65,0,4.61
83,Khrebtovaya,RU,2021-01-27 21:08:45,56.7032,104.2494,-17.63,84,100,8.14
84,Tasiilaq,GL,2021-01-27 21:08:45,65.6145,-37.6368,21.2,45,75,25.32
85,Mataura,NZ,2021-01-27 21:08:45,-46.1927,168.8643,50.0,90,90,14.0
86,Santa Cruz,BO,2021-01-27 21:08:45,-17.8,-63.1667,75.2,94,75,2.3
87,Codrington,AU,2021-01-27 21:08:45,-38.2667,141.9667,60.28,81,50,12.62
88,Emba,KZ,2021-01-27 21:08:39,48.8264,58.1442,14.97,93,0,12.26
89,Lovozero,RU,2021-01-27 21:08:46,68.005,35.0117,6.71,94,100,5.28
90,Hermanus,ZA,2021-01-27 20:58:59,-34.4187,19.2345,60.01,85,12,8.21
91,Oktyabrskoye,RU,2021-01-27 21:08:46,43.0645,44.7417,26.6,100,65,4.47
92,Cayenne,GF,2021-01-27 21:07:31,4.9333,-52.3333,80.6,74,0,5.75
93,Namibe,AO,2021-01-27 21:08:22,-15.1961,12.1522,74.57,78,69,9.17
94,Baruun-Urt,MN,2021-01-27 21:04:06,46.6806,113.2792,-22.07,81,1,8.7
95,Bluff,NZ,2021-01-27 21:07:42,-46.6,168.3333,50.0,90,100,14.0
96,Olafsvik,IS,2021-01-27 21:07:35,64.8945,-23.7142,30.58,87,90,17.52
97,Nemuro,JP,2021-01-27 21:08:47,43.3236,145.575,21.99,88,0,12.35
98,Dombarovskiy,RU,2021-01-27 21:08:47,50.7587,59.5386,16.2,98,82,11.56
99,Plettenberg Bay,ZA,2021-01-27 21:08:47,-34.0527,23.3716,63.93,80,100,3.87
100,Labuhan,ID,2021-01-27 21:08:48,-6.8844,112.2051,77.25,88,100,10.4
101,New Norfolk,AU,2021-01-27 20:58:56,-42.7826,147.0587,55.99,58,99,1.01
102,Sayreville,US,2021-01-27 21:04:46,40.4593,-74.361,36.0,69,32,1.01
103,Castro,BR,2021-01-27 21:08:49,-24.7911,-50.0119,70.45,92,100,7.09
104,Lima Duarte,BR,2021-01-27 21:08:49,-21.8425,-43.7931,80.6,47,20,9.22
105,Chapais,CA,2021-01-27 21:08:49,49.7834,-74.8492,21.2,79,90,5.75
106,San Vicente,AR,2021-01-27 21:08:49,-26.6167,-54.1333,71.19,90,100,5.97
107,College,US,2021-01-27 21:08:49,64.8569,-147.8028,-18.4,69,75,2.1
108,Dubbo,AU,2021-01-27 21:08:49,-32.25,148.6167,71.6,68,28,16.11
109,Pevek,RU,2021-01-27 21:08:49,69.7008,170.3133,-24.29,87,100,3.89
110,Thompson,CA,2021-01-27 21:03:58,55.7435,-97.8558,-11.2,84,40,2.3
111,Urucara,BR,2021-01-27 21:08:50,-2.5364,-57.76,82.6,86,100,0.74
112,Roald,NO,2021-01-27 21:08:50,62.5833,6.1333,30.2,100,75,10.36
113,Bredasdorp,ZA,2021-01-27 21:08:50,-34.5322,20.0403,57.2,67,96,3.44
114,Alappuzha,IN,2021-01-27 21:08:50,9.49,76.3264,73.81,80,87,5.91
115,Bairiki,KI,2021-01-27 21:08:50,1.3292,172.9752,82.4,78,40,12.66
116,Teya,RU,2021-01-27 21:08:50,60.3778,92.6267,-29.24,81,100,1.9
117,Esperance,AU,2021-01-27 21:08:51,-33.8667,121.9,60.8,94,90,5.75
118,Vaini,TO,2021-01-27 21:07:35,-21.2,-175.2,73.4,100,90,10.36
119,Beringovskiy,RU,2021-01-27 21:08:51,63.05,179.3167,16.02,96,100,27.51
120,Victoria,HK,2021-01-27 21:05:50,22.2855,114.1577,63.0,86,3,8.84
121,Ponta Do Sol,PT,2021-01-27 21:08:51,32.6667,-17.1,64.4,88,75,10.36
122,Cape Canaveral,US,2021-01-27 21:05:20,28.4058,-80.6048,84.0,65,76,5.99
123,Kokopo,PG,2021-01-27 21:08:51,-4.352,152.2633,80.29,80,100,6.17
124,Hasaki,JP,2021-01-27 21:07:01,35.7333,140.8333,36.0,80,75,8.05
125,Saint George,US,2021-01-27 21:07:02,37.1041,-113.5841,44.01,49,90,16.11
126,Kizlyar,RU,2021-01-27 21:08:52,43.8469,46.715,45.12,84,100,16.71
127,Truro,GB,2021-01-27 21:07:46,50.2653,-5.0544,51.8,100,90,19.57
128,Longyearbyen,SJ,2021-01-27 21:08:52,78.2186,15.6401,6.8,66,20,16.11
129,Tamayo,DO,2021-01-27 21:08:52,18.3947,-71.2029,84.2,65,20,13.8
130,Lagoa,PT,2021-01-27 21:08:52,39.05,-27.9833,60.37,83,95,30.29
131,Luderitz,NA,2021-01-27 21:07:27,-26.6481,15.1594,67.62,62,0,28.52
132,Pasni,PK,2021-01-27 21:08:53,25.2631,63.471,66.34,32,0,10.69
133,Pontianak,ID,2021-01-27 21:08:53,-0.0333,109.3333,73.4,100,75,3.44
134,Chokurdakh,RU,2021-01-27 21:08:53,70.6333,147.9167,-14.91,89,100,14.0
135,Nadadores,MX,2021-01-27 21:08:53,27.05,-101.6,62.15,30,30,9.4
136,Okhotsk,RU,2021-01-27 21:08:53,59.3833,143.3,-13.72,78,56,10.25
137,Taltal,CL,2021-01-27 21:07:57,-25.4,-70.4833,71.96,62,22,8.46
138,Malanje,AO,2021-01-27 21:08:53,-9.5402,16.341,64.9,94,97,2.77
139,Samarai,PG,2021-01-27 21:08:54,-10.6167,150.6667,79.95,83,100,4.65
140,Flinders,AU,2021-01-27 21:04:08,-34.5833,150.8552,69.01,79,100,4.0
141,East London,ZA,2021-01-27 20:58:57,-33.0153,27.9116,69.75,80,94,13.96
142,Hattiesburg,US,2021-01-27 21:08:13,31.3271,-89.2903,62.6,67,75,14.97
143,Tiksi,RU,2021-01-27 21:07:25,71.6872,128.8694,-39.03,82,89,2.66
144,Kaduna,NG,2021-01-27 21:08:54,10.5222,7.4383,75.67,18,67,7.67
145,High Level,CA,2021-01-27 21:08:54,58.5169,-117.136,-9.4,77,40,12.66
146,Maldonado,UY,2021-01-27 21:08:55,-34.6667,-54.9167,75.0,68,0,11.5
147,Mana,GF,2021-01-27 21:08:55,5.6592,-53.7767,78.58,76,37,10.4
148,Albany,US,2021-01-27 21:07:05,42.6001,-73.9662,30.0,62,91,15.99
149,Sorland,NO,2021-01-27 21:08:47,67.667,12.6934,28.4,69,20,10.36
150,Bethel,US,2021-01-27 21:05:57,41.3712,-73.414,32.0,80,69,1.99
151,Skjervoy,NO,2021-01-27 21:08:55,70.0311,20.9714,26.6,59,40,19.57
152,Mahebourg,MU,2021-01-27 21:08:55,-20.4081,57.7,75.2,83,40,4.61
153,Sambava,MG,2021-01-27 21:08:55,-14.2667,50.1667,78.17,81,18,0.98
154,Souillac,MU,2021-01-27 21:03:56,-20.5167,57.5167,75.2,83,40,4.61
155,Kushima,JP,2021-01-27 21:08:56,31.4583,131.2333,44.01,93,2,4.0
156,Hovd,MN,2021-01-27 21:08:56,48.0056,91.6419,1.31,81,10,0.92
157,Colesberg,ZA,2021-01-27 21:08:56,-30.72,25.0972,56.95,70,17,21.59
158,Wahiawa,US,2021-01-27 21:08:56,21.5028,-158.0236,82.4,54,40,9.22
159,Goderich,CA,2021-01-27 21:08:56,43.7501,-81.7165,23.0,74,100,10.36
160,Bodden Town,KY,2021-01-27 21:08:57,19.2833,-81.25,86.0,51,20,11.5
161,Buraydah,SA,2021-01-27 21:08:57,26.326,43.975,62.6,48,0,10.36
162,Adrar,MR,2021-01-27 21:08:11,20.5022,-10.0711,69.57,21,0,9.95
163,Ploemeur,FR,2021-01-27 21:08:57,47.7333,-3.4333,52.0,100,90,11.5
164,Katsuura,JP,2021-01-27 21:08:57,35.1333,140.3,45.0,65,75,10.36
165,Hualmay,PE,2021-01-27 21:08:04,-11.0964,-77.6139,75.58,68,94,10.83
166,Yar-Sale,RU,2021-01-27 21:08:58,66.8333,70.8333,-39.41,80,85,4.61
167,Maltahohe,NA,2021-01-27 21:08:58,-24.8333,16.9833,74.86,19,2,17.6
168,Rio Gallegos,AR,2021-01-27 21:08:12,-51.6226,-69.2181,55.4,28,40,27.63
169,Maumere,ID,2021-01-27 21:08:58,-8.6199,122.2111,80.13,80,100,12.5
170,Cidreira,BR,2021-01-27 21:07:52,-30.1811,-50.2056,75.47,89,100,9.17
171,Hurghada,EG,2021-01-27 21:07:21,27.2574,33.8129,64.4,68,0,4.61
172,Ngunguru,NZ,2021-01-27 21:08:58,-35.6167,174.5,69.01,82,56,3.0
173,Morant Bay,JM,2021-01-27 21:08:59,17.8815,-76.4093,84.2,70,20,24.16
174,Nikolskoye,RU,2021-01-27 21:07:27,59.7035,30.7861,33.8,93,90,4.47
175,Krasnoselkup,RU,2021-01-27 21:07:44,65.7,82.4667,-38.76,82,20,3.67
176,Kisaran,ID,2021-01-27 21:08:59,2.9845,99.6158,72.37,97,97,1.52
177,Nouadhibou,MR,2021-01-27 21:08:59,20.931,-17.0347,69.8,73,0,11.5
178,Biskamzha,RU,2021-01-27 21:08:59,53.4497,89.5272,17.85,93,100,13.67
179,Kiruna,SE,2021-01-27 21:08:59,67.8557,20.2251,14.0,92,90,4.61
180,Maceio,BR,2021-01-27 21:08:30,-9.6658,-35.7353,77.0,83,75,6.91
181,Pio Xii,BR,2021-01-27 21:09:00,-3.8325,-45.1525,77.59,92,100,2.77
182,Mahibadhoo,MV,2021-01-27 21:09:00,3.7833,72.9667,79.9,70,32,13.56
183,Puerto Colombia,CO,2021-01-27 21:09:00,10.9878,-74.9547,86.0,62,75,10.36
184,Asyut,EG,2021-01-27 21:09:00,27.181,31.1837,55.4,54,0,5.75
185,Narsaq,GL,2021-01-27 21:08:10,60.9167,-46.05,37.4,32,75,34.52
186,Mestia,GE,2021-01-27 21:09:00,43.0458,42.7278,32.74,76,98,2.68
187,Three Hills,CA,2021-01-27 21:09:01,51.7001,-113.2686,8.6,85,100,9.22
188,Petropavlovsk-Kamchatskiy,RU,2021-01-27 21:09:01,53.0452,158.6483,8.6,66,0,11.18
189,Vao,NC,2021-01-27 21:08:32,-22.6667,167.4833,78.17,85,100,20.67
190,Lorengau,PG,2021-01-27 21:09:01,-2.0226,147.2712,82.15,79,100,7.67
191,Quepos,CR,2021-01-27 21:09:01,9.4236,-84.1652,80.6,53,75,19.57
192,Bandarbeyla,SO,2021-01-27 21:09:01,9.4942,50.8122,73.6,76,12,17.87
193,Poum,NC,2021-01-27 21:09:01,-20.2333,164.0167,79.9,76,12,11.54
194,Airai,TL,2021-01-27 21:07:14,-8.9266,125.4092,62.11,100,100,3.42
195,Praxedis Guerrero,MX,2021-01-27 21:09:02,31.3667,-106.0167,48.2,27,20,8.05
196,Arlit,NE,2021-01-27 21:09:02,18.7369,7.3853,67.86,20,0,8.21
197,Prainha,BR,2021-01-27 21:09:02,-1.8,-53.48,85.19,65,87,5.03
198,Mayo,US,2021-01-27 21:08:16,38.8876,-76.5119,43.0,52,1,6.91
199,Avarua,CK,2021-01-27 21:09:02,-21.2078,-159.775,87.8,66,40,17.27
200,Coquimbo,CL,2021-01-27 21:09:02,-29.9533,-71.3436,66.2,68,0,12.66
201,San Buenaventura,MX,2021-01-27 21:09:03,27.0833,-101.5333,62.67,30,36,9.84
202,Kiunga,PG,2021-01-27 21:09:03,-6.1219,141.2906,72.54,97,100,1.43
203,Mayenne,FR,2021-01-27 21:08:17,48.3333,-0.6667,51.8,93,90,9.22
204,Ribeira Grande,PT,2021-01-27 21:09:03,38.5167,-28.7,60.8,88,40,20.71
205,Poniatowa,PL,2021-01-27 21:09:03,51.1798,22.1309,32.0,86,90,6.91
206,Matara,LK,2021-01-27 21:08:05,5.9485,80.5353,73.38,82,66,1.95
207,Hamilton,US,2021-01-27 21:05:30,39.1834,-84.5333,33.8,69,90,5.75
208,Kudahuvadhoo,MV,2021-01-27 21:09:04,2.6708,72.8944,79.95,74,45,18.41
209,Zhongshu,CN,2021-01-27 21:09:04,24.5167,103.7667,45.7,82,100,7.45
210,Pacific Grove,US,2021-01-27 21:06:58,36.6177,-121.9166,52.0,81,90,12.66
211,Severo-Kurilsk,RU,2021-01-27 21:09:04,50.6789,156.125,26.71,95,100,14.0
212,Abucay,PH,2021-01-27 21:09:04,14.7667,120.4833,75.2,83,20,3.44
213,Ishigaki,JP,2021-01-27 21:08:35,24.3448,124.1572,64.67,76,59,15.66
214,Athens,GR,2021-01-27 21:08:46,37.9795,23.7162,43.0,39,20,3.98
215,Port Macquarie,AU,2021-01-27 21:09:05,-31.4333,152.9167,75.0,86,68,1.01
216,Murray Bridge,AU,2021-01-27 21:09:05,-35.1167,139.2667,60.01,87,2,1.92
217,Benin,BJ,2021-01-27 21:09:05,9.5,2.25,78.21,17,0,4.0
218,Vershino-Darasunskiy,RU,2021-01-27 21:09:05,52.35,115.5167,-23.57,87,52,3.56
219,Xai-Xai,MZ,2021-01-27 21:09:05,-25.0519,33.6442,79.05,84,77,10.78
220,Cumpas,MX,2021-01-27 21:09:05,29.9833,-109.7833,60.71,31,98,7.34
221,Tautira,PF,2021-01-27 21:09:05,-17.7333,-149.15,84.2,70,75,4.61
222,Chokwe,MZ,2021-01-27 21:08:10,-24.5333,32.9833,78.87,73,94,5.99
223,Kloulklubed,PW,2021-01-27 21:09:06,7.0419,134.2556,75.2,94,75,11.32
224,Lata,PT,2021-01-27 21:09:06,40.1629,-8.3327,57.99,98,99,0.51
225,Tuktoyaktuk,CA,2021-01-27 21:09:06,69.4541,-133.0374,-23.8,76,20,4.61
226,Promyshlennaya,RU,2021-01-27 21:09:06,54.9159,85.6385,17.6,86,90,6.71
227,Puerto Escondido,MX,2021-01-27 21:08:28,15.85,-97.0667,87.8,70,20,6.26
228,Hellvik,NO,2021-01-27 21:09:07,59.9156,5.781,25.0,74,31,1.99
229,Provideniya,RU,2021-01-27 21:09:07,64.3833,-173.3,6.8,92,90,24.61
230,Varkaus,FI,2021-01-27 21:09:07,62.3153,27.873,32.0,100,90,3.44
231,Coihaique,CL,2021-01-27 21:09:07,-45.5752,-72.0662,57.2,54,75,6.91
232,Aguimes,ES,2021-01-27 21:09:07,27.9054,-15.4461,66.99,94,0,8.05
233,Faanui,PF,2021-01-27 21:09:07,-16.4833,-151.75,81.16,74,2,14.74
234,Rawson,AR,2021-01-27 21:08:56,-43.3002,-65.1023,71.22,30,100,15.03
235,Zlitan,LY,2021-01-27 21:07:57,32.4674,14.5687,55.06,63,91,13.73
236,Garissa,KE,2021-01-27 21:08:06,-0.4536,39.6401,79.9,64,0,13.58
237,Jalu,LY,2021-01-27 21:09:08,29.0331,21.5482,49.93,59,0,9.19
238,Alugan,PH,2021-01-27 21:09:08,12.2188,125.4808,78.48,85,100,11.48
239,Birjand,IR,2021-01-27 21:09:08,32.8663,59.2211,23.0,25,0,4.61
240,Mogadishu,SO,2021-01-27 21:09:08,2.0371,45.3438,77.05,83,3,21.79
241,Nokaneng,BW,2021-01-27 21:09:08,-19.6667,22.2667,71.98,81,100,4.76
242,Cabo San Lucas,MX,2021-01-27 21:09:08,22.8909,-109.9124,78.01,36,85,8.99
243,Naze,JP,2021-01-27 21:09:09,28.3667,129.4833,56.93,74,51,13.0
244,Harper,LR,2021-01-27 21:09:09,4.375,-7.7169,78.8,84,3,7.36
245,Kushmurun,KZ,2021-01-27 21:09:09,52.4503,64.6311,17.1,96,91,11.01
246,Korla,CN,2021-01-27 21:09:09,41.7597,86.1469,20.39,83,0,2.89
247,Paraiso,CR,2021-01-27 21:09:09,9.8383,-83.8656,77.0,53,75,19.57
248,Sabzevar,IR,2021-01-27 21:09:10,36.2126,57.6819,36.81,64,0,0.72
249,Balkanabat,TM,2021-01-27 21:09:10,39.5108,54.3671,45.5,51,0,13.87
250,Pacifica,US,2021-01-27 21:06:15,37.6138,-122.4869,55.0,76,75,12.66
251,Ximei,CN,2021-01-27 21:09:10,24.9639,118.3794,59.0,72,75,2.24
252,Henties Bay,NA,2021-01-27 21:09:10,-22.116,14.2845,68.0,85,26,4.79
253,Nea Peramos,GR,2021-01-27 21:09:10,38.0076,23.423,44.01,39,20,5.77
254,Wuwei,CN,2021-01-27 21:09:11,37.9281,102.6414,18.77,75,0,0.76
255,Camacha,PT,2021-01-27 21:08:51,33.0833,-16.3333,60.8,100,40,11.5
256,Alice,US,2021-01-27 21:09:11,27.7523,-98.0697,75.2,17,1,12.66
257,Mount Pleasant,US,2021-01-27 21:08:08,32.7941,-79.8626,54.0,100,90,14.79
258,Hervey Bay,AU,2021-01-27 21:09:11,-25.2986,152.8535,77.0,85,7,4.0
259,Chuy,UY,2021-01-27 21:09:11,-33.6971,-53.4616,76.68,77,3,12.62
260,Bako,ET,2021-01-27 21:09:11,5.7833,36.5667,69.46,33,3,2.59
261,Comodoro Rivadavia,AR,2021-01-27 21:09:11,-45.8667,-67.5,57.2,77,40,9.22
262,Tibati,CM,2021-01-27 21:09:12,6.4667,12.6333,73.8,21,2,5.79
263,Abu Samrah,SY,2021-01-27 21:09:12,35.3029,37.1841,51.03,57,100,7.83
264,Kitami,JP,2021-01-27 21:09:12,43.8031,143.8908,24.01,59,0,7.0
265,Barcelona,ES,2021-01-27 21:06:25,41.3888,2.159,55.0,76,20,5.75
266,Behbahan,IR,2021-01-27 21:09:12,30.5959,50.2417,44.6,65,0,2.15
267,Ambilobe,MG,2021-01-27 21:09:12,-13.2,49.05,74.8,92,61,2.13
268,Nagato,JP,2021-01-27 21:09:12,34.3833,131.2,42.8,81,40,3.44
269,Hithadhoo,MV,2021-01-27 21:09:13,-0.6,73.0833,80.92,80,81,16.98
270,Ilorin,NG,2021-01-27 21:09:13,8.5,4.55,82.6,15,1,1.19
271,Aras,ES,2021-01-27 21:09:13,42.5617,-2.356,53.6,87,75,3.44
272,Fairbanks,US,2021-01-27 21:07:16,64.8378,-147.7164,-18.4,69,75,1.23
273,Saldanha,ZA,2021-01-27 21:09:13,-33.0117,17.9442,62.6,67,0,16.11
274,Talara,PE,2021-01-27 21:09:13,-4.5772,-81.2719,82.4,69,40,18.41
275,Fort Nelson,CA,2021-01-27 21:09:14,58.8053,-122.7002,-5.8,59,20,8.05
276,Ahipara,NZ,2021-01-27 21:07:51,-35.1667,173.1667,69.3,75,72,5.57
277,Pangkalanbuun,ID,2021-01-27 21:05:10,-2.6833,111.6167,73.72,96,100,3.04
278,Balikpapan,ID,2021-01-27 21:09:14,-1.2675,116.8289,74.5,92,100,4.38
279,Shirokiy,RU,2021-01-27 21:09:14,49.758,129.523,-25.98,86,15,2.33
280,Srednekolymsk,RU,2021-01-27 21:09:14,67.45,153.6833,-26.23,85,100,12.06
281,Neuquen,AR,2021-01-27 21:09:14,-38.9516,-68.0591,75.2,27,0,8.05
282,Clovis,US,2021-01-27 21:09:14,36.8252,-119.7029,50.0,81,90,8.05
283,Iqaluit,CA,2021-01-27 21:09:15,63.7506,-68.5145,-2.0,78,1,13.8
284,Gdansk,PL,2021-01-27 21:09:15,54.3521,18.6464,30.99,86,75,5.75
285,Lincoln,US,2021-01-27 21:09:02,40.8,-96.667,24.01,68,1,5.75
286,Kapit,MY,2021-01-27 21:09:15,2.0167,112.9333,73.13,94,100,0.78
287,San Andres,CO,2021-01-27 21:05:08,12.5847,-81.7006,80.6,83,40,16.11
288,Orlik,RU,2021-01-27 21:09:16,52.5178,99.825,-3.5,83,100,4.29
289,Cozumel,MX,2021-01-27 21:09:16,20.5083,-86.9458,82.0,87,1,3.0
290,Saint-Augustin,CA,2021-01-27 21:08:12,51.226,-58.6502,18.14,92,76,9.51
291,Manokwari,ID,2021-01-27 21:09:16,-0.8667,134.0833,77.58,78,100,5.08
292,Nushki,PK,2021-01-27 21:09:16,29.5542,66.0215,40.91,49,0,0.16
293,Grindavik,IS,2021-01-27 21:09:16,63.8424,-22.4338,32.0,55,0,18.41
294,Palmas Bellas,PA,2021-01-27 21:09:16,9.2319,-80.0867,81.0,80,30,11.01
295,Zhaotong,CN,2021-01-27 21:09:17,27.3167,103.7167,30.18,95,92,3.18
296,Sur,OM,2021-01-27 21:09:17,22.5667,59.5289,67.01,70,0,8.05
297,Keetmanshoop,NA,2021-01-27 21:09:17,-26.5833,18.1333,73.29,35,0,18.79
298,Aizkraukle,LV,2021-01-27 21:09:17,56.6048,25.2553,32.0,98,94,5.01
299,Touros,BR,2021-01-27 21:09:17,-5.1989,-35.4608,80.6,78,40,13.8
300,Toamasina,MG,2021-01-27 21:09:17,-18.1667,49.3833,78.8,89,40,3.44
301,Quatre Cocos,MU,2021-01-27 21:09:17,-20.2078,57.7625,78.01,83,40,4.61
302,La Orilla,MX,2021-01-27 21:09:18,17.9833,-102.2333,81.64,63,22,7.47
303,Delray Beach,US,2021-01-27 21:07:27,26.4615,-80.0728,86.0,45,40,13.8
304,Haines Junction,CA,2021-01-27 21:07:00,60.7522,-137.5108,-18.4,63,85,1.14
305,Mareeba,AU,2021-01-27 21:09:18,-17.0,145.4333,77.0,94,75,9.22
306,Luang Prabang,LA,2021-01-27 21:09:18,19.8856,102.1347,63.39,66,2,1.19
307,Berlin,DE,2021-01-27 21:07:34,52.5244,13.4105,36.0,80,20,9.22
308,Norman Wells,CA,2021-01-27 21:09:18,65.282,-126.8329,-25.6,75,75,3.51
309,Talnakh,RU,2021-01-27 21:09:19,69.4865,88.3972,-23.48,83,98,4.21
310,Ixtapa,MX,2021-01-27 21:09:19,20.7,-105.2,83.61,38,21,7.25
311,Saint Anthony,US,2021-01-27 21:07:43,45.0205,-93.218,16.0,52,90,6.91
312,Wajima,JP,2021-01-27 21:09:19,37.4,136.9,40.48,71,100,18.21
313,Stony Plain,CA,2021-01-27 21:09:19,53.5334,-114.0021,6.01,85,90,6.91
314,Ekhabi,RU,2021-01-27 21:09:19,53.5102,142.9671,9.77,96,100,15.46
315,Madimba,TZ,2021-01-27 21:09:20,-10.4,40.3333,79.02,80,0,5.93
316,Ancud,CL,2021-01-27 21:07:58,-41.8697,-73.8203,66.0,55,75,11.5
317,Upernavik,GL,2021-01-27 21:07:59,72.7868,-56.1549,-2.16,91,100,4.03
318,Fershampenuaz,RU,2021-01-27 21:09:20,53.5202,59.8117,17.17,96,61,12.73
319,Usinsk,RU,2021-01-27 21:09:20,65.9939,57.5281,-1.39,93,100,15.75
320,Felipe Carrillo Puerto,MX,2021-01-27 21:09:20,19.5833,-88.05,86.49,57,10,7.25
321,Ndele,CF,2021-01-27 21:09:21,8.4109,20.6473,77.56,21,100,4.14
322,Aklavik,CA,2021-01-27 21:09:21,68.2191,-135.0107,-13.0,77,100,3.44
323,Komsomolskiy,UZ,2021-01-27 21:07:46,40.4272,71.7189,30.2,59,0,4.61
324,Bridgetown,BB,2021-01-27 21:09:21,13.1,-59.6167,80.6,65,40,17.27
325,Ust-Nera,RU,2021-01-27 21:09:21,64.5667,143.2,-26.1,76,100,2.48
326,Itarema,BR,2021-01-27 21:09:21,-2.9248,-39.9167,81.03,74,31,14.63
327,Puerto El Triunfo,SV,2021-01-27 21:09:21,13.2833,-88.55,98.6,30,0,9.22
328,Gornopravdinsk,RU,2021-01-27 21:09:22,60.05,69.9,-1.35,92,100,6.76
329,Awbari,LY,2021-01-27 21:09:22,26.5921,12.7805,46.22,50,0,4.21
330,Bardiyah,LY,2021-01-27 21:09:22,31.7561,25.0865,52.7,61,1,14.38
331,Yumbing,PH,2021-01-27 21:09:22,9.2393,124.6578,77.34,78,100,8.61
332,Formosa,AR,2021-01-27 21:09:22,-26.1775,-58.1781,84.2,70,75,6.91
333,Karratha,AU,2021-01-27 21:09:22,-20.7377,116.8463,84.4,28,0,8.14
334,Ierapetra,GR,2021-01-27 21:09:22,35.01,25.7353,48.99,50,0,15.23
335,Willmar,US,2021-01-27 21:09:23,45.1219,-95.0433,17.6,62,40,2.77
336,Beira,MZ,2021-01-27 21:09:23,-19.8436,34.8389,80.6,89,20,5.75
337,Stromness,GB,2021-01-27 21:09:23,58.965,-3.296,33.8,69,20,2.3
338,Sulangan,PH,2021-01-27 21:09:23,11.1373,123.7228,79.9,82,100,15.9
339,Aksu,CN,2021-01-27 21:07:01,41.1231,80.2644,16.66,88,0,0.78
340,Port-Cartier,CA,2021-01-27 21:09:23,50.0334,-66.8654,26.6,54,55,8.05
341,Tuatapere,NZ,2021-01-27 21:08:21,-46.1333,167.6833,50.0,90,100,14.0
342,Mon,IN,2021-01-27 21:09:24,26.75,95.1,54.05,79,0,3.18
343,Desaguadero,PE,2021-01-27 21:09:24,-16.5656,-69.0417,58.73,35,10,13.47
344,Ternate,ID,2021-01-27 21:07:59,0.8,127.4,79.7,78,100,5.08
345,Pameungpeuk,ID,2021-01-27 21:09:24,-7.0183,107.6039,70.41,79,100,2.77
346,San Patricio,US,2021-01-27 21:09:24,28.017,-97.5169,73.4,20,75,13.8
347,Ismailia,EG,2021-01-27 21:08:32,30.6043,32.2723,56.43,76,0,12.57
348,San Quintin,MX,2021-01-27 21:08:44,30.4833,-115.95,58.57,46,73,9.95
349,Hays,US,2021-01-27 21:09:25,30.0502,-98.0336,64.0,29,0,1.99
350,Pinawa,CA,2021-01-27 21:09:25,50.1489,-95.8811,-0.13,88,56,1.43
351,Hauterive,FR,2021-01-27 21:09:25,46.0901,3.4459,51.8,71,90,4.61
352,Dubrovnik,HR,2021-01-27 21:09:25,42.6481,18.0922,37.4,41,0,5.75
353,Gavle,SE,2021-01-27 21:09:25,60.6745,17.1417,19.0,86,47,1.99
354,Barra Dos Coqueiros,BR,2021-01-27 21:09:26,-10.9089,-37.0386,78.8,78,75,13.8
355,Dzhebariki-Khaya,RU,2021-01-27 21:09:26,62.2167,135.8,-52.31,75,76,1.28
356,Guerrero Negro,MX,2021-01-27 21:09:26,27.9769,-114.0611,63.32,38,100,8.16
357,Moindou,NC,2021-01-27 21:09:26,-21.6924,165.677,78.8,73,40,3.44
358,Sirajganj,BD,2021-01-27 21:09:26,24.45,89.7167,62.02,50,0,9.86
359,Calama,CL,2021-01-27 21:05:57,-22.4667,-68.9333,75.2,11,0,21.85
360,Jamkhed,IN,2021-01-27 21:09:26,18.7362,75.3121,70.81,37,0,8.81
361,Paciran,ID,2021-01-27 21:09:27,-6.8767,112.3761,78.17,85,100,13.35
362,Kushiro,JP,2021-01-27 21:08:27,42.975,144.3747,19.33,89,0,17.9
363,Sao Pedro Do Sul,BR,2021-01-27 21:09:27,-29.6206,-54.1789,71.37,92,100,5.06
364,Nebyliv,UA,2021-01-27 21:09:27,48.8153,24.2166,24.8,96,100,7.9
365,Koshurnikovo,RU,2021-01-27 21:09:27,54.1667,93.3,9.64,97,100,1.66
366,Bathsheba,BB,2021-01-27 21:09:27,13.2167,-59.5167,80.6,65,40,17.27
367,Te Anau,NZ,2021-01-27 21:08:25,-45.4167,167.7167,47.91,79,71,2.64
368,Mount Gambier,AU,2021-01-27 21:09:28,-37.8333,140.7667,59.0,88,38,8.05
369,Salalah,OM,2021-01-27 21:09:28,17.0151,54.0924,68.0,68,0,3.44
370,Sabang,ID,2021-01-27 21:09:28,5.8933,95.3214,80.4,80,75,8.34
371,Campeche,MX,2021-01-27 21:09:28,19.0,-90.5,94.89,33,0,4.61
372,Mangrol,IN,2021-01-27 21:09:28,21.1167,70.1167,61.54,37,0,13.24
373,Moron,AR,2021-01-27 21:09:28,-34.6534,-58.6198,87.01,42,0,5.01
374,Cootamundra,AU,2021-01-27 21:09:28,-34.65,148.0333,66.99,67,23,15.01
375,Cotonou,BJ,2021-01-27 21:09:29,6.3654,2.4183,84.2,84,20,12.66
376,Coachella,US,2021-01-27 21:09:29,33.6803,-116.1739,59.0,38,1,4.61
377,Lashio,MM,2021-01-27 21:09:29,22.9333,97.75,50.22,79,0,1.68
378,Tura,IN,2021-01-27 21:09:29,25.5198,90.2201,56.5,66,0,2.75
379,Les Cayes,HT,2021-01-27 21:09:29,18.2,-73.75,81.12,59,6,6.58
380,Hobyo,SO,2021-01-27 21:09:29,5.3505,48.5268,75.92,77,2,18.59
381,Odoyev,RU,2021-01-27 21:09:30,53.9393,36.6864,25.63,98,100,1.72
382,Le Mars,US,2021-01-27 21:09:30,42.7942,-96.1656,19.0,67,1,4.61
383,Korem,ET,2021-01-27 21:09:30,12.5058,39.5228,46.08,53,0,2.33
384,Vardo,NO,2021-01-27 21:07:35,70.3705,31.1107,24.8,86,75,23.02
385,Vestmannaeyjar,IS,2021-01-27 21:09:30,63.4427,-20.2734,34.99,85,67,30.74
386,Sijunjung,ID,2021-01-27 21:09:30,-0.6876,100.9537,70.16,89,100,1.16
387,The Valley,AI,2021-01-27 21:09:30,18.217,-63.0578,82.4,69,40,14.97
388,Binga,ZW,2021-01-27 21:09:31,-17.6203,27.3414,72.5,90,100,4.99
389,Columbia,US,2021-01-27 21:05:01,34.0007,-81.0348,60.8,72,90,9.22
390,Waycross,US,2021-01-27 21:06:22,31.2136,-82.354,57.2,88,90,9.22
391,Presidencia Roque Saenz Pena,AR,2021-01-27 21:09:31,-26.7852,-60.4388,89.01,52,1,5.01
392,Austin,US,2021-01-27 21:05:27,30.2672,-97.7431,66.2,24,75,8.05
393,Monrovia,LR,2021-01-27 21:06:10,6.3005,-10.7969,78.8,94,40,8.19
394,Point Fortin,TT,2021-01-27 21:09:32,10.1833,-61.6833,84.0,75,82,4.0
395,Tarbes,FR,2021-01-27 21:09:32,43.25,0.1667,55.4,94,90,11.5
396,Solnechnyy,RU,2021-01-27 21:09:32,50.7214,136.6319,-10.86,86,100,1.92
397,Davila,PH,2021-01-27 21:09:33,18.4726,120.5763,73.15,79,16,16.51
398,Cockburn Town,TC,2021-01-27 21:09:33,21.4612,-71.1419,80.6,54,40,10.36
399,Nova Londrina,BR,2021-01-27 21:09:33,-22.7658,-52.985,75.63,90,100,8.43
400,Arman,RU,2021-01-27 21:09:33,59.7,150.1667,-15.52,79,0,10.54
401,Namatanai,PG,2021-01-27 21:09:33,-3.6667,152.4333,81.79,77,91,8.16
402,Tombouctou,ML,2021-01-27 21:09:33,20.0,-3.0,72.03,19,0,10.36
403,Kontagora,NG,2021-01-27 21:08:00,10.3999,5.4695,78.46,17,53,4.47
404,Bar Harbor,US,2021-01-27 21:09:34,44.3876,-68.2039,34.0,69,90,8.05
405,Rorvik,NO,2021-01-27 21:09:34,64.8621,11.2373,30.2,100,90,4.61
406,Tashtyp,RU,2021-01-27 21:09:34,52.7939,89.8983,23.32,94,100,16.24
407,Palmer,US,2021-01-27 21:09:22,42.1584,-72.3287,34.0,86,96,5.57
408,Nyrob,RU,2021-01-27 21:09:34,60.733,56.7202,27.23,98,100,11.16
409,Itaituba,BR,2021-01-27 21:09:34,-4.2761,-55.9836,87.8,66,40,11.5
410,Jackson,US,2021-01-27 21:09:05,42.4165,-122.8345,50.0,53,75,6.91
411,Upanema,BR,2021-01-27 21:09:35,-5.6419,-37.2578,83.98,61,82,17.67
412,Kavieng,PG,2021-01-27 21:09:35,-2.5744,150.7967,83.62,72,100,9.4
413,Kenora,CA,2021-01-27 21:09:35,49.8167,-94.4337,-4.0,65,20,1.81
414,Fergus,US,2021-01-27 21:09:35,47.3,-109.2674,37.99,44,1,3.44
415,Clevelandia,BR,2021-01-27 21:09:35,-26.3958,-52.4708,67.62,98,100,7.85
416,Mogok,MM,2021-01-27 21:08:10,22.9167,96.5,55.15,70,0,1.95
417,Komatipoort,ZA,2021-01-27 21:09:36,-25.4332,31.9548,79.0,82,100,1.59
418,Meulaboh,ID,2021-01-27 21:09:36,4.1363,96.1285,75.92,84,96,4.59
419,La Ronge,CA,2021-01-27 21:09:36,55.1001,-105.2842,-0.4,65,44,6.91
420,Zhengjiatun,CN,2021-01-27 21:09:36,43.5064,123.5064,-3.35,86,43,10.8
421,Kahului,US,2021-01-27 21:08:28,20.8947,-156.47,78.8,65,40,25.32
422,Nueva Granada,CO,2021-01-27 21:09:36,9.8017,-74.393,95.59,30,79,7.38
423,Atar,MR,2021-01-27 21:09:37,20.5169,-13.0499,73.67,17,0,10.74
424,Daru,PG,2021-01-27 21:09:37,-9.0763,143.2092,78.13,85,100,12.41
425,San Cristobal,VE,2021-01-27 21:08:03,7.7669,-72.225,86.0,54,40,11.5
426,Winslow,US,2021-01-27 21:09:37,35.0242,-110.6974,35.6,64,1,6.91
427,Pangody,RU,2021-01-27 21:09:37,65.85,74.4859,-43.17,82,31,2.48
428,Cabedelo,BR,2021-01-27 21:09:37,-6.9811,-34.8339,80.6,78,40,10.36
429,Saint-Joseph,RE,2021-01-27 21:09:38,-21.3667,55.6167,78.8,65,0,4.61
430,Gadsden,US,2021-01-27 21:09:38,34.0143,-86.0066,55.99,94,90,16.11
431,Manosque,FR,2021-01-27 21:09:38,43.8288,5.7869,48.99,72,66,1.99
432,Ampanihy,MG,2021-01-27 21:09:38,-24.7,44.75,75.78,81,21,6.71
433,Kharp,RU,2021-01-27 21:09:38,66.8014,65.8081,-29.42,82,100,4.21
434,Pokrovka,KG,2021-01-27 21:09:38,42.3414,78.0056,19.65,64,0,7.25
435,Bandikui,IN,2021-01-27 21:09:39,27.05,76.5667,47.44,53,0,1.86
436,Makakilo City,US,2021-01-27 21:09:30,21.3469,-158.0858,82.4,54,40,9.22
437,Klyuchi,RU,2021-01-27 21:08:16,52.2667,79.1667,22.87,98,100,7.56
438,Wilmington,US,2021-01-27 21:09:39,34.2257,-77.9447,54.0,82,75,3.44
439,Caloundra,AU,2021-01-27 21:09:39,-26.8,153.1333,80.01,84,7,4.0
440,Paamiut,GL,2021-01-27 21:08:09,61.994,-49.6678,27.84,85,100,6.53
441,Pervomayskoye,RU,2021-01-27 21:09:39,43.919,46.7102,45.48,82,100,17.47
442,Staroaleyskoye,RU,2021-01-27 21:09:40,51.0061,82.0,14.56,94,100,15.08
443,Port Hardy,CA,2021-01-27 21:07:33,50.6996,-127.4199,37.4,87,90,11.5
444,Tamala,RU,2021-01-27 21:09:40,52.541,43.2515,31.28,98,100,15.99
445,Miraflores,MX,2021-01-27 21:09:40,19.2167,-98.8083,77.0,18,40,9.22
446,Asuncion,PY,2021-01-27 21:05:08,-25.3007,-57.6359,87.8,66,75,5.75
447,Nantucket,US,2021-01-27 21:09:40,41.2835,-70.0995,37.99,93,75,9.22
448,Mantua,IT,2021-01-27 21:09:41,45.1667,10.7833,34.0,83,96,1.99
449,General Roca,AR,2021-01-27 21:08:31,-39.0333,-67.5833,75.2,27,0,8.05
450,Carutapera,BR,2021-01-27 21:09:41,-1.195,-46.02,81.1,75,82,6.73
451,Praia Da Vitoria,PT,2021-01-27 21:09:41,38.7333,-27.0667,59.0,100,20,25.3
452,Pinotepa Nacional,MX,2021-01-27 21:09:41,16.3167,-98.0167,87.91,38,84,9.6
453,Kasongo-Lunda,CD,2021-01-27 21:09:41,-6.4667,16.8167,70.16,92,100,2.86
454,Savinka,RU,2021-01-27 21:09:41,50.0785,47.0994,26.73,96,100,12.97
455,Havoysund,NO,2021-01-27 21:09:42,70.9963,24.6622,24.8,68,75,19.57
456,Havre-Saint-Pierre,CA,2021-01-27 21:08:17,50.2334,-63.5986,23.0,58,90,6.91
457,Saint-Pierre,RE,2021-01-27 21:09:42,-21.3393,55.4781,78.8,65,0,4.61
458,Geraldton,AU,2021-01-27 21:07:41,-28.7667,114.6,60.8,77,0,5.75
459,Zyryanka,RU,2021-01-27 21:09:42,65.75,150.85,-31.52,84,100,2.59
460,Teguldet,RU,2021-01-27 21:09:42,57.3064,88.1667,-17.19,87,100,5.75
461,Sept-Iles,CA,2021-01-27 21:07:13,50.2001,-66.3821,26.6,54,30,8.05
462,Salaga,GH,2021-01-27 21:09:42,8.5508,-0.5188,82.98,15,5,1.68
463,San Luis,AR,2021-01-27 21:09:43,-33.295,-66.3356,87.96,31,73,12.62
464,Chifeng,CN,2021-01-27 21:09:43,42.2683,118.9636,-6.25,80,0,10.45
465,Pingliang,CN,2021-01-27 21:09:43,35.5392,106.6861,23.34,77,0,1.34
466,Beeville,US,2021-01-27 21:09:03,28.4008,-97.7483,71.6,26,1,14.97
467,Constitucion,CL,2021-01-27 21:09:43,-35.3333,-72.4167,65.17,55,67,22.82
468,Aswan,EG,2021-01-27 21:09:44,24.0934,32.907,61.02,28,0,9.62
469,Awjilah,LY,2021-01-27 21:09:44,29.1081,21.2869,50.16,61,0,7.96
470,Melfi,IT,2021-01-27 21:08:49,40.9965,15.6514,42.01,57,100,1.01
471,Darab,IR,2021-01-27 21:09:44,28.7519,54.5444,48.92,40,0,1.23
472,Oistins,BB,2021-01-27 21:09:44,13.0667,-59.5333,80.6,65,40,17.27
473,Lewiston,US,2021-01-27 21:09:44,44.1003,-70.2148,32.0,93,90,3.44
474,Black Forest,US,2021-01-27 21:09:44,39.0131,-104.7008,35.01,47,1,4.61
475,Pallasovka,RU,2021-01-27 21:09:44,50.05,46.8833,27.54,96,100,13.87
476,Hokitika,NZ,2021-01-27 21:08:57,-42.7167,170.9667,58.75,77,19,18.54
477,Pilar,BR,2021-01-27 21:09:45,-9.5972,-35.9567,77.0,83,75,6.91
478,Acapulco,MX,2021-01-27 21:08:34,16.8634,-99.8901,84.2,70,75,5.75
479,Sayyan,YE,2021-01-27 21:09:45,15.1718,44.3244,44.13,53,0,3.42
480,Takoradi,GH,2021-01-27 21:09:45,4.8845,-1.7554,79.7,83,79,9.93
481,Damghan,IR,2021-01-27 21:09:46,36.1683,54.348,35.76,70,0,2.08
482,Colares,PT,2021-01-27 21:09:46,38.7992,-9.4469,59.0,88,100,3.0
483,Waipawa,NZ,2021-01-27 21:09:46,-41.4122,175.5153,66.2,82,75,18.41
484,Mackay,AU,2021-01-27 21:09:46,-21.15,149.2,78.8,78,75,12.66
485,Pinsk,BY,2021-01-27 21:09:46,52.1229,26.0951,26.89,99,100,7.85
486,Terra Santa,BR,2021-01-27 21:09:46,-2.1042,-56.4869,80.89,86,83,3.6
487,Yangjiang,CN,2021-01-27 21:09:02,21.85,111.9667,62.02,82,64,0.69
488,Viedma,AR,2021-01-27 21:09:46,-40.8135,-62.9967,63.0,78,100,11.14
489,Tarata,BO,2021-01-27 21:09:47,-17.6167,-66.0167,80.6,24,40,6.91
490,Taoudenni,ML,2021-01-27 21:09:47,22.6783,-3.9836,71.17,25,0,12.57
491,Celestun,MX,2021-01-27 21:09:47,20.8667,-90.4,81.34,70,0,13.35
492,Leander,US,2021-01-27 21:09:47,30.5788,-97.8531,63.0,32,0,1.99
493,Tezu,IN,2021-01-27 21:09:47,27.9167,96.1667,57.85,32,0,4.47
494,Arica,CL,2021-01-27 21:09:32,-18.475,-70.3042,73.4,64,0,13.8
495,Itatskiy,RU,2021-01-27 21:09:48,56.07,89.0369,-4.07,91,100,7.72
496,Bonavista,CA,2021-01-27 21:09:48,48.6499,-53.1147,28.0,93,81,2.3
497,Kutum,SD,2021-01-27 21:09:48,14.2,24.6667,64.6,23,86,13.0
498,Vanimo,PG,2021-01-27 21:09:48,-2.6741,141.3028,76.69,85,100,5.7
499,Severodvinsk,RU,2021-01-27 21:09:48,64.5635,39.8302,30.2,100,90,2.04
500,Fayaoue,NC,2021-01-27 21:09:48,-20.65,166.5333,80.42,81,100,21.92
501,Kiama,AU,2021-01-27 21:09:48,-34.6833,150.8667,69.01,77,92,1.99
502,Mahalapye,BW,2021-01-27 21:09:49,-23.1041,26.8142,77.94,59,100,5.73
503,Micheweni,TZ,2021-01-27 21:09:49,-4.9667,39.8333,79.47,83,9,11.03
504,Kailua,US,2021-01-27 21:09:49,21.4022,-157.7394,80.6,65,75,12.66
505,Mehamn,NO,2021-01-27 21:09:49,71.0357,27.8492,24.8,68,75,13.8
506,Sirohi,IN,2021-01-27 21:09:49,24.8833,72.8667,46.56,54,0,2.53
507,Vostok,RU,2021-01-27 21:09:49,46.4856,135.8833,-15.03,88,26,5.3
508,Bubaque,GW,2021-01-27 21:09:49,11.2833,-15.8333,78.21,69,0,15.39
509,Bunia,CD,2021-01-27 21:09:50,1.5667,30.25,69.8,42,29,3.67
510,Ejido,VE,2021-01-27 21:09:50,8.5514,-71.2375,74.79,56,96,4.9
511,Jay,US,2021-01-27 21:09:50,44.5039,-70.2162,33.01,90,100,1.01
512,Finnsnes,NO,2021-01-27 21:09:50,69.2296,17.9811,23.0,58,75,16.11
513,Byron Bay,AU,2021-01-27 21:05:18,-28.65,153.6167,75.2,83,40,8.05
514,Larsnes,NO,2021-01-27 21:09:50,62.2028,5.5773,30.0,100,90,10.47
515,Jacareacanga,BR,2021-01-27 21:09:51,-6.2222,-57.7528,87.49,66,99,0.51
516,Richards Bay,ZA,2021-01-27 21:08:00,-28.783,32.0377,73.85,95,100,10.67
517,Changji,CN,2021-01-27 21:09:51,44.0167,87.3167,5.0,92,75,2.24
518,Anlu,CN,2021-01-27 21:05:10,31.1661,112.5831,41.29,65,77,3.0
519,Mwense,ZM,2021-01-27 21:09:51,-10.3845,28.698,67.59,91,98,1.59
520,Kingaroy,AU,2021-01-27 21:09:51,-26.5333,151.8333,71.6,83,75,11.5
521,Simbahan,PH,2021-01-27 21:09:51,6.3032,120.5836,81.39,82,96,13.76
522,Honningsvag,NO,2021-01-27 21:09:52,70.9821,25.9704,24.8,68,75,19.57
523,Yerbogachen,RU,2021-01-27 21:09:52,61.2767,108.0108,-40.14,80,58,5.66
524,Sabha,LY,2021-01-27 21:09:52,27.0377,14.4283,47.98,49,0,5.26
525,Ballitoville,ZA,2021-01-27 21:09:52,-29.539,31.2144,70.0,94,75,16.11
526,Skibbereen,IE,2021-01-27 21:07:21,51.55,-9.2667,50.0,100,90,12.66
527,Provost,CA,2021-01-27 21:09:52,52.3501,-110.2683,-0.4,85,100,11.5
528,Harnai,PK,2021-01-27 21:09:52,30.1005,67.9374,45.12,40,0,2.77
529,Zverinogolovskoye,RU,2021-01-27 21:09:53,54.4586,64.8542,18.84,97,51,9.6
530,Hirara,JP,2021-01-27 21:09:53,24.8,125.2833,63.63,74,98,16.33
531,Noumea,NC,2021-01-27 21:09:53,-22.2763,166.4572,82.0,73,40,3.44
532,Huarmey,PE,2021-01-27 21:09:53,-10.0681,-78.1522,75.54,68,100,10.16
533,Balykshi,KZ,2021-01-27 21:09:53,47.0667,51.8667,23.0,74,0,22.37
534,Baykit,RU,2021-01-27 21:09:53,61.67,96.37,-27.38,80,100,4.56
535,Cuajinicuilapa,MX,2021-01-27 21:09:53,16.4667,-98.4167,89.96,37,70,10.18
536,Fortuna,US,2021-01-27 21:08:31,40.5982,-124.1573,48.0,87,75,17.27
537,Yeppoon,AU,2021-01-27 21:09:54,-23.1333,150.7333,77.0,78,40,8.05
538,Matay,EG,2021-01-27 21:09:54,28.419,30.7792,54.36,73,0,12.57
539,Anadyr,RU,2021-01-27 21:08:31,64.75,177.4833,12.2,85,40,29.08
540,Wuchi,CN,2021-01-27 21:09:54,29.3786,103.023,30.97,94,72,2.64
541,Uvira,CD,2021-01-27 21:09:54,-3.4067,29.1458,73.22,62,64,2.06
542,Edson,CA,2021-01-27 21:09:54,53.5835,-116.4356,1.4,85,90,3.44
543,Cairns,AU,2021-01-27 21:09:55,-16.9167,145.7667,77.0,94,75,9.22
544,Port Blair,IN,2021-01-27 21:09:55,11.6667,92.75,78.58,81,72,10.27
545,Havelock,US,2021-01-27 21:09:55,34.8791,-76.9013,50.0,100,90,11.5
546,Viransehir,TR,2021-01-27 21:08:51,37.2353,39.7631,45.25,59,100,10.69
547,San Jose,US,2021-01-27 21:06:39,37.3394,-121.895,51.8,76,90,18.41
548,Manbij,SY,2021-01-27 21:09:55,36.5281,37.9549,46.4,49,90,2.3
549,Shingu,JP,2021-01-27 21:09:56,33.7333,135.9833,50.32,59,80,4.99
550,La Huacana,MX,2021-01-27 21:09:56,18.9667,-101.8167,78.01,26,65,4.0
551,Dakar,SN,2021-01-27 21:09:56,14.6937,-17.4441,68.0,64,0,9.22
552,Arraias,BR,2021-01-27 21:09:56,-12.9288,-46.9437,79.66,68,86,3.18
553,Belaya Gora,RU,2021-01-27 21:09:56,68.5333,146.4167,-23.69,87,100,1.03
554,Grand Baie,MU,2021-01-27 21:09:56,-20.0182,57.5802,78.01,79,1,3.0
555,Lamar,US,2021-01-27 21:09:56,33.6668,-95.5836,45.0,57,20,16.11
556,Boa Esperanca,BR,2021-01-27 21:07:12,-21.09,-45.5658,76.75,77,90,5.21
557,Udachnyy,RU,2021-01-27 21:09:57,66.4167,112.4,-40.67,79,2,0.31
558,Dingle,PH,2021-01-27 21:09:57,10.9995,122.6711,75.15,90,100,7.76
559,Puerto Quijarro,BO,2021-01-27 21:09:57,-17.7833,-57.7667,86.34,60,100,4.61
560,Xiuyan,CN,2021-01-27 21:09:57,40.2928,123.2744,21.85,93,100,22.57
561,Prince Rupert,CA,2021-01-27 21:06:00,54.3161,-130.3201,33.8,80,75,2.3
562,Guspini,IT,2021-01-27 21:09:57,39.5406,8.6294,55.0,94,20,13.8
563,Gazanjyk,TM,2021-01-27 21:09:58,39.2446,55.5154,36.72,77,0,15.23
564,Bitlis,TR,2021-01-27 21:09:58,38.5,42.25,22.98,83,100,2.37
565,Oranjestad,AW,2021-01-27 21:09:58,12.524,-70.027,80.6,74,75,23.02
566,Chicama,PE,2021-01-27 21:08:47,-7.8447,-79.1469,71.6,78,75,10.36
567,Locri,IT,2021-01-27 21:09:58,38.2414,16.2623,50.0,54,99,5.93
568,Churapcha,RU,2021-01-27 21:09:58,62.0025,132.4325,-47.31,75,100,3.06
569,Bombay,IN,2021-01-27 21:07:31,19.0144,72.8479,69.8,78,0,8.12
570,Rundu,NA,2021-01-27 21:09:59,-17.9333,19.7667,68.36,88,100,7.4
571,Rocha,UY,2021-01-27 21:09:59,-34.4833,-54.3333,74.39,61,0,12.57
572,Yulara,AU,2021-01-27 21:09:59,-25.2406,130.9889,75.2,73,40,8.05
573,Tiarei,PF,2021-01-27 21:09:59,-17.5333,-149.3333,84.2,70,75,4.61
574,Bhawanipatna,IN,2021-01-27 21:09:59,19.9,83.1667,64.6,86,1,4.9
575,Fort Morgan,US,2021-01-27 21:09:59,40.2503,-103.8,28.4,59,1,4.61
576,Opuwo,NA,2021-01-27 21:09:59,-18.0607,13.84,71.85,64,100,3.6
